ISIN,TICKER,등급,섹터,Credit_Delta_$per bp,sigma_bp_3Y,sigma출처,실제스프레드리스크_1시그마_$,실제스프레드리스크_95%VaR_$,실제스프레드리스크_99%VaR_$
US302154DM88,EIBKOR,AA,비금융,-49.853471549999995,5.809,individual_cache,-290.0,-476.0,-675.0
US65540KAK16,NACF,A+,비금융,-185.65627206000002,4.59,individual_cache,-852.0,-1402.0,-1986.0
US05971KAV17,SANTAN,A,비금융,-4089.4474741,4.692,individual_cache,-19188.0,-31564.0,-44707.0
US06051GNA30,BAC,A-,금융,-411.3235880999999,2.11,individual_cache,-868.0,-1428.0,-2022.0
US06738ECX13,BACR,BBB+,금융,-1515.42342,3.154,individual_cache,-4780.0,-7863.0,-11137.0
US06738EDJ10,BACR,A,금융,-3911.723919,2.381,individual_cache,-9314.0,-15321.0,-21701.0
US09659X3B68,BNP,A-,금융,-677.1520109399999,2.152,individual_cache,-1457.0,-2397.0,-3395.0
US11135FBY60,AVGO,A,비금융,-2317.3860541999998,18.768,individual_cache,-43493.0,-71545.0,-101338.0
US11135FBY60,AVGO,A,비금융,-1390.43163252,18.768,individual_cache,-26096.0,-42927.0,-60803.0
US38141GF335,GS,BBB+,금융,-4235.4870453,2.3,individual_cache,-9742.0,-16025.0,-22698.0
US38141GF335,GS,BBB+,금융,-4235.4870453,2.3,individual_cache,-9742.0,-16025.0,-22698.0
US38141GWV21,GS,A-,금융,-248.04947334,3.151,individual_cache,-782.0,-1286.0,-1821.0
US404280CV97,HSBC,A-,금융,-942.3499123500001,3.04,individual_cache,-2865.0,-4713.0,-6675.0
US404280FL88,HSBC,A,금융,-3974.3903888,2.513,individual_cache,-9988.0,-16430.0,-23271.0
US44891CCU53,HYNMTR,A-,비금융,-2770.8610406400003,2.546,individual_cache,-7055.0,-11605.0,-16437.0
US44891CDD20,HYNMTR,A-,비금융,-3425.383856,1.828,individual_cache,-6262.0,-10300.0,-14590.0
US44891CDQ33,HYNMTR,A-,비금융,-3253.1156174000002,1.907,individual_cache,-6204.0,-10205.0,-14455.0
US44891CED11,HYNMTR,A-,비금융,-454.6680243999999,1.702,individual_cache,-774.0,-1273.0,-1803.0
US44891CEP41,HYNMTR,A-,비금융,-422.50061572,1.734,individual_cache,-733.0,-1205.0,-1707.0
US456837BU63,INTEND,A,금융,-4037.9101096,2.63,individual_cache,-10620.0,-17469.0,-24744.0
US606822DS05,MUFG,A-,금융,-1917.0510099,1.931,individual_cache,-3702.0,-6090.0,-8625.0
US60687YDL02,MIZUHO,A,금융,-353.96501193000006,2.564,individual_cache,-908.0,-1493.0,-2115.0
US61690DK726,MS,A-,금융,-1402.4733866000004,2.804,individual_cache,-3933.0,-6469.0,-9163.0
US61747YFY68,MS,A-,금융,-1641.2542244999997,2.565,individual_cache,-4210.0,-6925.0,-9809.0
US65535HAY53,NOMURA,BBB+,금융,-5075.668943043999,2.815,individual_cache,-14288.0,-23504.0,-33291.0
US65535HBM07,NOMURA,BBB+,금융,-1856.2365323999998,2.82,individual_cache,-5235.0,-8611.0,-12197.0
US65535HCL15,NOMURA,BBB+,금융,-433.66975105999995,2.643,individual_cache,-1146.0,-1885.0,-2671.0
US780097BG51,NWG,BBB+,금융,-2262.9771099,2.966,individual_cache,-6712.0,-11041.0,-15639.0
US82460EAN04,SHINHAN,BBB+,금융,-1237.9769182999999,2.698,individual_cache,-3340.0,-5494.0,-7782.0
US83368TCJ51,SOCGEN,BBB,금융,-174.78949679999997,2.469,individual_cache,-432.0,-710.0,-1006.0
US86562MED83,SUMIBK,A,금융,-1918.6485175999999,2.092,individual_cache,-4014.0,-6603.0,-9352.0
US95000U4H36,WFC,A-,금융,-872.07537725,2.6,individual_cache,-2267.0,-3730.0,-5283.0
US95000U4J91,WFC,A-,금융,-2100.6944903999997,2.169,individual_cache,-4556.0,-7495.0,-10616.0
US98105HAG56,WOORIB,A+,금융,-3287.7655417809997,2.794,individual_cache,-9186.0,-15111.0,-21403.0
USG84228FZ63,STANLN,A-,금융,-2831.2652447999994,2.155,individual_cache,-6101.0,-10037.0,-14216.0
USH3698DBM59,UBS,A,금융,-974.4853734,3.111,individual_cache,-3032.0,-4987.0,-7064.0
USH3698DCW23,UBS,A,금융,-3558.6324774000004,2.534,individual_cache,-9018.0,-14834.0,-21011.0
USH42097FT99,UBS,A,금융,-426.06850944000007,2.462,individual_cache,-1049.0,-1726.0,-2444.0
USJ5903AAA28,NORBK,A-,금융,-441.07626239999996,2.089,individual_cache,-921.0,-1516.0,-2147.0
USU8531HAA87,SPCX,BBB+,비금융,-2139.4573772500003,2.643,individual_cache,-5655.0,-9302.0,-13175.0
USY29011DM51,GSCCOR,A-,비금융,-921.0365839499999,1.44,individual_cache,-1326.0,-2182.0,-3090.0
USY3815NBK64,HYUCAP,A-,금융,-70.35455731500001,1.941,individual_cache,-137.0,-225.0,-318.0
USY5S5CGAB83,LGENSO,BBB+,비금융,-40.439405478000005,2.755,individual_cache,-111.0,-183.0,-260.0
USY5S5CGAB83,LGENSO,BBB+,비금융,-808.7881095600001,2.755,individual_cache,-2228.0,-3665.0,-5192.0
USY5S5CGAK82,LGENSO,BBB+,비금융,-18.773109744,10.334,individual_cache,-194.0,-319.0,-452.0
USY5S80VAB27,LGELEC,BBB,비금융,-3308.150131,2.222,individual_cache,-7351.0,-12092.0,-17127.0
USY70750CB13,PKX,BBB+,비금융,-4037.52318,3.633,individual_cache,-14668.0,-24129.0,-34177.0
USY7S272AG74,POHANG,BBB+,비금융,-700.1426889999999,2.744,individual_cache,-1921.0,-3160.0,-4476.0
USY7S27KAX02,POINTL,BBB,비금융,-85.38063864,2.618,individual_cache,-224.0,-368.0,-521.0
USY7S27KAX02,POINTL,BBB,비금융,-341.52255456,2.618,individual_cache,-894.0,-1471.0,-2083.0
USY8085FBD16,HYUELE,BBB-,비금융,-12527.53474722,11.622,individual_cache,-145595.0,-239504.0,-339236.0
USY8085FBK58,HYUELE,BBB-,비금융,-1125.16452992,10.153,individual_cache,-11424.0,-18792.0,-26617.0
USY8085FBK58,HYUELE,BBB-,비금융,-1237.680982912,10.153,individual_cache,-12566.0,-20671.0,-29279.0
USY8085FBL32,HYUELE,BBB-,비금융,-2186.7999984,5.257,individual_cache,-11496.0,-18911.0,-26786.0
USY8085FBU31,HYUELE,BBB-,비금융,-1567.187372775,15.617,individual_cache,-24475.0,-40261.0,-57026.0
USY8085FBZ28,HYUELE,BBB+,비금융,-2692.4045148,1.692,individual_cache,-4556.0,-7494.0,-10614.0
XS1795263281,SHNHAN,BBB+,금융,-471.83132568,3.0,individual_cache,-1415.0,-2328.0,-3298.0
XS1795263281,SHNHAN,BBB+,금융,-440.375903968,3.0,individual_cache,-1321.0,-2173.0,-3078.0
XS1795263281,SHNHAN,BBB+,금융,-471.83132568,3.0,individual_cache,-1415.0,-2328.0,-3298.0
XS1932879130,CITNAT,BBB+,금융,-682.14590499,2.591,individual_cache,-1767.0,-2907.0,-4118.0
XS1932879130,CITNAT,BBB+,금융,-454.76393665999996,2.591,individual_cache,-1178.0,-1938.0,-2745.0
XS1932879130,CITNAT,BBB+,금융,-955.0042669859998,2.591,individual_cache,-2474.0,-4070.0,-5765.0
XS1932879130,CITNAT,BBB+,금융,-2046.4377149700001,2.591,individual_cache,-5302.0,-8722.0,-12354.0
XS1932879130,CITNAT,BBB+,금융,-295.59655882899995,2.591,individual_cache,-766.0,-1260.0,-1785.0
XS2703610050,DFHOLD,BBB,금융,-670.2530650199999,2.618,individual_cache,-1755.0,-2887.0,-4089.0
XS2703610050,DFHOLD,BBB,금융,-159.5840631,2.618,individual_cache,-418.0,-687.0,-973.0
XS2985211569,DAESEC,NR,금융,-304.57266442,2.372,individual_cache,-722.0,-1188.0,-1683.0
XS2985211569,DAESEC,NR,금융,-761.43166105,2.372,individual_cache,-1806.0,-2971.0,-4208.0
XS2985211569,DAESEC,NR,금융,-609.14532884,2.372,individual_cache,-1445.0,-2377.0,-3367.0
XS2985211569,DAESEC,NR,금융,-1522.8633221,2.372,individual_cache,-3612.0,-5942.0,-8417.0
XS3078370726,KUB,NR,금융,-88.35717426000001,2.263,individual_cache,-200.0,-329.0,-466.0
XS3189630372,DAESEC,BBB,금융,-4388.051170305,1.513,individual_cache,-6639.0,-10921.0,-15469.0
XS3299380850,DAESEC,BBB,금융,-1157.7128590799998,2.869,individual_cache,-3321.0,-5464.0,-7739.0
XS3304372868,BACR,A,금융,-4179.158665,2.276,individual_cache,-9512.0,-15647.0,-22162.0
XS3412559299,DAESEC,BBB,금융,-2122.37967645,2.618,individual_cache,-5556.0,-9140.0,-12946.0
XS3423950230,NHSECS,A-,금융,-1275.3606187199998,2.167,individual_cache,-2764.0,-4546.0,-6439.0
FR0014010FH7,BNP,A-,금융,-4996.9621019999995,2.403,individual_cache,-12008.0,-19753.0,-27978.0
US02079KBM80,GOOGL,A,비금융,-358.386076665,1.748,individual_cache,-626.0,-1031.0,-1460.0
US05964HBJ32,SANTAN,A,비금융,-313.99645097999996,2.771,individual_cache,-870.0,-1431.0,-2027.0
US06051GHZ54,BAC,A,금융,-1522.74238915,2.583,individual_cache,-3933.0,-6470.0,-9164.0
US09659X2X97,BNP,A-,금융,-1513.1038445,2.545,individual_cache,-3851.0,-6335.0,-8972.0
US38141GC365,GS,A-,금융,-313.7172445,2.336,individual_cache,-733.0,-1206.0,-1708.0
US404280EM70,HSBC,A-,금융,-258.77179944,2.653,individual_cache,-687.0,-1129.0,-1600.0
US44891CEA71,HYNMTR,A-,비금융,-178.5235571,1.498,individual_cache,-267.0,-440.0,-623.0
US46647PEJ12,JPM,A,금융,-271.45482351,2.829,individual_cache,-768.0,-1263.0,-1789.0
US46647PEJ12,JPM,A,금융,-1357.27411755,2.829,individual_cache,-3840.0,-6316.0,-8947.0
US46647PEJ12,JPM,A,금융,-2986.00305861,2.829,individual_cache,-8447.0,-13896.0,-19682.0
US46647PEV40,JPM,A,금융,-313.62458843999997,2.41,individual_cache,-756.0,-1243.0,-1761.0
US46647PFD33,JPM,A,금융,-185.36033952500003,2.143,individual_cache,-397.0,-653.0,-926.0
US46647PFE16,JPM,A,금융,-1392.2690524,1.737,individual_cache,-2418.0,-3978.0,-5635.0
US46647PFJ03,JPM,A,금융,-703.31451774,1.862,individual_cache,-1310.0,-2154.0,-3051.0
US500631AE67,KORELE,AA-,비금융,-584.6865614303999,2.406,individual_cache,-1407.0,-2314.0,-3278.0
US500631AE67,KORELE,AA-,비금융,-191.1475296984,2.406,individual_cache,-460.0,-757.0,-1072.0
US500631AE67,KORELE,AA-,비금융,-5621.9861676,2.406,individual_cache,-13526.0,-22251.0,-31517.0
US61748UAR32,MS,A-,금융,-2247.4787201999998,2.658,individual_cache,-5974.0,-9827.0,-13919.0
US61748UAV44,MS,A-,금융,-1246.05055575,2.447,individual_cache,-3049.0,-5016.0,-7104.0
US61748UAV44,MS,A-,금융,-1246.05055575,2.447,individual_cache,-3049.0,-5016.0,-7104.0
US61778EUR07,MS,A-,금융,-128.92494753,2.454,individual_cache,-316.0,-520.0,-737.0
US65535HCB33,NOMURA,BBB+,금융,-350.3559470850001,1.427,individual_cache,-500.0,-822.0,-1165.0
US65535HCK32,NOMURA,BBB+,금융,-271.5119013,5.152,individual_cache,-1399.0,-2301.0,-3259.0
US780097BL47,NWG,BBB+,금융,-1272.441891,2.662,individual_cache,-3387.0,-5572.0,-7892.0
US91282CGT27,T,AA+,비금융,-161.6784864,1.539,individual_cache,-249.0,-409.0,-580.0
US91282CJZ59,T,AA+,비금융,-7061.9702178550015,0.337,individual_cache,-2380.0,-3915.0,-5545.0
US91282CKQ32,T,AA+,비금융,-1290.9374,0.31,individual_cache,-400.0,-658.0,-932.0
US91282CLR06,T,AA+,비금융,-904.7881795500001,0.91,individual_cache,-823.0,-1354.0,-1918.0
US91282CNC19,T,AA+,비금융,-10581.241394249999,0.251,individual_cache,-2656.0,-4369.0,-6188.0
US95000U3P60,WFC,BBB+,금융,-1568.5718175000002,2.391,individual_cache,-3750.0,-6169.0,-8739.0
US95000U3P60,WFC,BBB+,금융,-1568.5718175000002,2.391,individual_cache,-3750.0,-6169.0,-8739.0
US95000U3T82,WFC,A,금융,-835.117025,2.781,individual_cache,-2322.0,-3820.0,-5411.0
USG84228FL77,STANLN,A-,금융,-389.09599344000003,2.71,individual_cache,-1054.0,-1735.0,-2457.0
USG84228FY98,STANLN,A-,금융,-169.79520558000002,2.403,individual_cache,-408.0,-671.0,-951.0
USH42097EV54,UBS,A,금융,-2334.0097665999997,3.178,individual_cache,-7417.0,-12202.0,-17283.0
USJ5901UAH52,NORBK,BBB+,금융,-137.511741192,1.466,individual_cache,-202.0,-332.0,-470.0
USJ5903AAA28,NORBK,A-,금융,-58.81016832,2.089,individual_cache,-123.0,-202.0,-286.0
USJ5S39RAM64,NTT,A,비금융,-547.36188864,1.981,individual_cache,-1084.0,-1784.0,-2526.0
USJ5S39RAU80,NTT,A,비금융,-987.65870916,1.656,individual_cache,-1636.0,-2691.0,-3811.0
USJ7771YTM95,SUMITR,A-,금융,-284.90092697,1.855,individual_cache,-528.0,-869.0,-1231.0
USY29011DG83,GSCCOR,BBB,비금융,-944.4376399500001,2.659,individual_cache,-2511.0,-4131.0,-5851.0
USY5S5CGAR36,LGENSO,BBB+,비금융,-1970.7631069500003,2.694,individual_cache,-5309.0,-8734.0,-12371.0
USY5S5CGAR36,LGENSO,BBB+,비금융,-656.92103565,2.694,individual_cache,-1770.0,-2911.0,-4124.0
USY5S5CGAV48,LGENSO,BBB,비금융,-3529.758114,2.263,individual_cache,-7988.0,-13140.0,-18612.0
USY5S5CGAV48,LGENSO,BBB,비금융,-1411.9032455999998,2.263,individual_cache,-3195.0,-5256.0,-7445.0
USY70750CB13,PKX,BBB+,비금융,-1009.380795,3.633,individual_cache,-3667.0,-6032.0,-8544.0
USY7S272AL69,POHANG,BBB+,비금융,-75.65750023199999,1.941,individual_cache,-147.0,-242.0,-342.0
USY7S272AM43,POHANG,BBB+,비금융,-137.009954816,1.512,individual_cache,-207.0,-341.0,-483.0
USY7S272AM43,POHANG,BBB+,비금융,-3425.2488704,1.512,individual_cache,-5179.0,-8519.0,-12067.0
USY7S272AM43,POHANG,BBB+,비금융,-1370.0995481599998,1.512,individual_cache,-2072.0,-3408.0,-4827.0
USY7S272AM43,POHANG,BBB+,비금융,-2055.14932224,1.512,individual_cache,-3107.0,-5112.0,-7240.0
USY7S272AM43,POHANG,BBB+,비금융,-1370.0995481599998,1.512,individual_cache,-2072.0,-3408.0,-4827.0
USY8085FBL32,HYUELE,BBB-,비금융,-2733.499998,5.257,individual_cache,-14370.0,-23639.0,-33482.0
USY8085FBL32,HYUELE,BBB-,비금융,-2186.7999984,5.257,individual_cache,-11496.0,-18911.0,-26786.0
USY8085FBY52,HYUELE,BBB+,비금융,-39.47215748,2.283,individual_cache,-90.0,-148.0,-210.0
XS2395327641,CACIB,AA-,금융,-23.043355000000002,2.714,individual_cache,-63.0,-103.0,-146.0
XS2559683359,CACIB,AA-,금융,-5.545551,2.714,individual_cache,-15.0,-25.0,-35.0
XS2703610050,DFHOLD,BBB,금융,-63.83362524,2.618,individual_cache,-167.0,-275.0,-389.0
XS2703610050,DFHOLD,BBB,금융,-750.0450965699998,2.618,individual_cache,-1964.0,-3230.0,-4575.0
XS2703610050,DFHOLD,BBB,금융,-95.75043785999998,2.618,individual_cache,-251.0,-412.0,-584.0
XS2703610050,DFHOLD,BBB,금융,-127.66725048,2.618,individual_cache,-334.0,-550.0,-779.0
XS2739009939,DAESEC,BBB,금융,-103.08019037999999,2.618,individual_cache,-270.0,-444.0,-629.0
XS2739009939,DAESEC,BBB,금융,-31.336377875519993,2.618,individual_cache,-82.0,-135.0,-191.0
XS2739009939,DAESEC,BBB,금융,-14.998167700289999,2.618,individual_cache,-39.0,-65.0,-91.0
XS2739009939,DAESEC,BBB,금융,-10.308019038,2.618,individual_cache,-27.0,-44.0,-63.0
XS2747557416,SKBTAM,BBB-,비금융,-20.323446499999996,11.215,individual_cache,-228.0,-375.0,-531.0
XS3017043053,TD,A,금융,-4916.4941847499995,3.559,individual_cache,-17498.0,-28784.0,-40770.0
XS3028206350,GS,A-,금융,-3594.2437,2.55,individual_cache,-9165.0,-15077.0,-21355.0
XS3030377132,WFC,A,금융,-3693.7878119999996,4.242,individual_cache,-15669.0,-25776.0,-36509.0
XS3412558648,DAESEC,BBB,금융,-809.0767680600001,2.328,individual_cache,-1884.0,-3098.0,-4389.0
XS3412558648,DAESEC,BBB,금융,-539.38451204,2.328,individual_cache,-1256.0,-2066.0,-2926.0
XS3412559299,DAESEC,BBB,금융,-1697.90374116,2.618,individual_cache,-4445.0,-7312.0,-10357.0
XS3423950313,NHSECS,A-,금융,-268.54240064000004,2.579,individual_cache,-693.0,-1139.0,-1614.0
KR6065904G23,HYNCRD,BBB+,금융,-20079.1490536,4.058,individual_cache,-81481.0,-134037.0,-189851.0
US302154EB15,EIBKOR,AA-,비금융,-225.7745655,2.108,individual_cache,-476.0,-783.0,-1109.0
US302154EB15,EIBKOR,AA-,비금융,-225.7745655,2.108,individual_cache,-476.0,-783.0,-1109.0
US404280BT50,HSBC,A-,금융,-1812.2941524,2.979,individual_cache,-5399.0,-8881.0,-12579.0
US404280CC17,HSBC,A-,금융,-1283.65616205,2.757,individual_cache,-3539.0,-5822.0,-8246.0
US404280CF48,HSBC,A,금융,-1661.66574375,2.518,individual_cache,-4184.0,-6883.0,-9749.0
US404280EG03,HSBC,A-,금융,-5070.69777564,2.187,individual_cache,-11090.0,-18242.0,-25839.0
US404280EN53,HSBC,A-,금융,-606.4214444800001,2.439,individual_cache,-1479.0,-2433.0,-3446.0
US404280ER67,HSBC,A-,금융,-2577.7241388800003,2.281,individual_cache,-5880.0,-9672.0,-13700.0
US404280ER67,HSBC,A-,금융,-1611.0775868,2.281,individual_cache,-3675.0,-6045.0,-8562.0
US404280EW52,HSBC,A-,금융,-3406.9603182000005,1.939,individual_cache,-6606.0,-10867.0,-15392.0
US404280EW52,HSBC,A-,금융,-1703.4801591000003,1.939,individual_cache,-3303.0,-5434.0,-7696.0
US44891CBL63,HYNMTR,A-,비금융,-670.0901067,2.767,individual_cache,-1854.0,-3050.0,-4320.0
US44891CBL63,HYNMTR,A-,비금융,-1675.22526675,2.767,individual_cache,-4635.0,-7625.0,-10800.0
US44891CBL63,HYNMTR,A-,비금융,-1172.6576867249998,2.767,individual_cache,-3245.0,-5338.0,-7560.0
US44891CCE12,HYNMTR,A-,비금융,-429.261838889,2.452,individual_cache,-1053.0,-1731.0,-2452.0
US44891CCE12,HYNMTR,A-,비금융,-891.5438192309999,2.452,individual_cache,-2186.0,-3596.0,-5094.0
US44891CCE12,HYNMTR,A-,비금융,-3632.2155598299996,2.452,individual_cache,-8906.0,-14651.0,-20751.0
US44891CCJ09,HYNMTR,A-,비금융,-708.078021,2.571,individual_cache,-1820.0,-2995.0,-4242.0
US44891CCJ09,HYNMTR,A-,비금융,-1770.1950525000002,2.571,individual_cache,-4551.0,-7487.0,-10604.0
US44891CCJ09,HYNMTR,A-,비금융,-424.84681259999996,2.571,individual_cache,-1092.0,-1797.0,-2545.0
US44891CCP68,HYNMTR,A-,비금융,-886.5210351360001,2.536,individual_cache,-2248.0,-3698.0,-5238.0
US44891CCP68,HYNMTR,A-,비금융,-1846.9188232000001,2.536,individual_cache,-4684.0,-7705.0,-10913.0
US44891CDB63,HYNMTR,A-,비금융,-919.8252704,2.403,individual_cache,-2210.0,-3636.0,-5150.0
US44891CDD20,HYNMTR,A-,비금융,-2140.86491,1.828,individual_cache,-3914.0,-6438.0,-9118.0
US44891CDH34,HYNMTR,A-,비금융,-1518.082104,1.813,individual_cache,-2752.0,-4528.0,-6413.0
US44891CDH34,HYNMTR,A-,비금융,-867.4754879999999,1.813,individual_cache,-1573.0,-2587.0,-3664.0
US44891CDL46,HYNMTR,A-,비금융,-1413.0905124,2.022,individual_cache,-2857.0,-4700.0,-6657.0
US44891CDM29,HYNMTR,A-,비금융,-3153.3001477000003,2.287,individual_cache,-7212.0,-11863.0,-16803.0
US44891CDM29,HYNMTR,A-,비금융,-3153.3001477000003,2.287,individual_cache,-7212.0,-11863.0,-16803.0
US44891CDM29,HYNMTR,A-,비금융,-630.66002954,2.287,individual_cache,-1442.0,-2373.0,-3361.0
US44891CDM29,HYNMTR,A-,비금융,-1261.32005908,2.287,individual_cache,-2885.0,-4745.0,-6721.0
US44891CDM29,HYNMTR,A-,비금융,-630.66002954,2.287,individual_cache,-1442.0,-2373.0,-3361.0
US44891CDM29,HYNMTR,A-,비금융,-1576.6500738500001,2.287,individual_cache,-3606.0,-5932.0,-8402.0
US44891CDM29,HYNMTR,A-,비금융,-1639.7160768039998,2.287,individual_cache,-3750.0,-6169.0,-8738.0
US44891CDM29,HYNMTR,A-,비금융,-409.92901920099996,2.287,individual_cache,-938.0,-1542.0,-2184.0
US44891CDM29,HYNMTR,A-,비금융,-630.66002954,2.287,individual_cache,-1442.0,-2373.0,-3361.0
US44891CDM29,HYNMTR,A-,비금융,-315.33001477,2.287,individual_cache,-721.0,-1186.0,-1680.0
US44891CDM29,HYNMTR,A-,비금융,-1576.6500738500001,2.287,individual_cache,-3606.0,-5932.0,-8402.0
US44891CDM29,HYNMTR,A-,비금융,-315.33001477,2.287,individual_cache,-721.0,-1186.0,-1680.0
US44891CDQ33,HYNMTR,A-,비금융,-650.62312348,1.907,individual_cache,-1241.0,-2041.0,-2891.0
US44891CDQ33,HYNMTR,A-,비금융,-1626.5578087000001,1.907,individual_cache,-3102.0,-5103.0,-7227.0
US44891CDW01,HYNMTR,A-,비금융,-174.68704187,1.675,individual_cache,-293.0,-481.0,-682.0
US44891CEE93,HYNMTR,A-,비금융,-1161.44886456,1.563,individual_cache,-1815.0,-2986.0,-4230.0
US44891CEE93,HYNMTR,A-,비금융,-387.14962152,1.563,individual_cache,-605.0,-995.0,-1410.0
US50050HAN61,CITNAT,BBB+,금융,-2231.681405184,10.018,individual_cache,-22357.0,-36777.0,-52092.0
US50050HAN61,CITNAT,BBB+,금융,-1487.787603456,10.018,individual_cache,-14905.0,-24518.0,-34728.0
US500630ED65,KDB,AA,금융,-235.39159403000002,11.315,individual_cache,-2663.0,-4381.0,-6206.0
US50064FAY07,KOREA,AA,비금융,-187.15533597499999,2.156,individual_cache,-404.0,-664.0,-940.0
US50064FBA12,KOREA,AA-,비금융,-196.96162667999997,2.123,individual_cache,-418.0,-688.0,-974.0
USH42097FS17,UBS,A,금융,-246.79483136000002,2.864,individual_cache,-707.0,-1163.0,-1647.0
USH42097FS17,UBS,A,금융,-1233.9741568000002,2.864,individual_cache,-3534.0,-5814.0,-8234.0
USJ5S39RAS35,NTT,A,비금융,-1044.95095575,1.944,individual_cache,-2031.0,-3342.0,-4733.0
USY4899GGX52,KOHNPW,AA-,비금융,-81.24104865300001,2.018,individual_cache,-164.0,-270.0,-382.0
USY4899GGX52,KOHNPW,AA-,비금융,-1354.0174775500004,2.018,individual_cache,-2732.0,-4495.0,-6367.0
USY4899GGX52,KOHNPW,AA-,비금융,-4278.695229058,2.018,individual_cache,-8634.0,-14204.0,-20118.0
USY5S5CGAL65,LGENSO,BBB+,비금융,-2709.2231649999994,2.687,individual_cache,-7280.0,-11975.0,-16962.0
USY5S5CGAL65,LGENSO,BBB+,비금융,-812.7669494999999,2.687,individual_cache,-2184.0,-3593.0,-5088.0
USY5S5CGAL65,LGENSO,BBB+,비금융,-541.844633,2.687,individual_cache,-1456.0,-2395.0,-3392.0
USY5S5CGAL65,LGENSO,BBB+,비금융,-270.9223165,2.687,individual_cache,-728.0,-1198.0,-1696.0
USY5S5CGAL65,LGENSO,BBB+,비금융,-15713.494357,2.687,individual_cache,-42222.0,-69455.0,-98378.0
USY5S5CGAL65,LGENSO,BBB+,비금융,-812.7669494999999,2.687,individual_cache,-2184.0,-3593.0,-5088.0
USY5S5CGAL65,LGENSO,BBB+,비금융,-541.844633,2.687,individual_cache,-1456.0,-2395.0,-3392.0
USY5S5CGAL65,LGENSO,BBB+,비금융,-2709.2231649999994,2.687,individual_cache,-7280.0,-11975.0,-16962.0
USY5S5CGAL65,LGENSO,BBB+,비금융,-1354.6115824999997,2.687,individual_cache,-3640.0,-5988.0,-8481.0
USY5S5CGAL65,LGENSO,BBB+,비금융,-812.7669494999999,2.687,individual_cache,-2184.0,-3593.0,-5088.0
USY5S5CGAL65,LGENSO,BBB+,비금융,-812.7669494999999,2.687,individual_cache,-2184.0,-3593.0,-5088.0
USY5S5CGAL65,LGENSO,BBB+,비금융,-1083.689266,2.687,individual_cache,-2912.0,-4790.0,-6785.0
USY5S5CGAL65,LGENSO,BBB+,비금융,-541.844633,2.687,individual_cache,-1456.0,-2395.0,-3392.0
USY5S5CGAL65,LGENSO,BBB+,비금융,-541.844633,2.687,individual_cache,-1456.0,-2395.0,-3392.0
USY5S5CGAL65,LGENSO,BBB+,비금융,-270.9223165,2.687,individual_cache,-728.0,-1198.0,-1696.0
USY5S5CGAL65,LGENSO,BBB+,비금융,-270.9223165,2.687,individual_cache,-728.0,-1198.0,-1696.0
USY5S5CGAL65,LGENSO,BBB+,비금융,-812.7669494999999,2.687,individual_cache,-2184.0,-3593.0,-5088.0
USY5S5CGAL65,LGENSO,BBB+,비금융,-812.7669494999999,2.687,individual_cache,-2184.0,-3593.0,-5088.0
USY5S5CGAL65,LGENSO,BBB+,비금융,-1354.6115824999997,2.687,individual_cache,-3640.0,-5988.0,-8481.0
USY5S5CGAL65,LGENSO,BBB+,비금융,-1354.6115824999997,2.687,individual_cache,-3640.0,-5988.0,-8481.0
USY5S5CGAL65,LGENSO,BBB+,비금융,-921.1358760999999,2.687,individual_cache,-2475.0,-4072.0,-5767.0
USY5S5CGAL65,LGENSO,BBB+,비금융,-81.27669494999999,2.687,individual_cache,-218.0,-359.0,-509.0
USY5S5CGAL65,LGENSO,BBB+,비금융,-54.1844633,2.687,individual_cache,-146.0,-240.0,-339.0
USY5S5CGAN22,LGENSO,BBB+,비금융,-319.28508702,2.344,individual_cache,-748.0,-1231.0,-1744.0
USY5S5CGAP79,LGENSO,BBB,비금융,-649.9752384,3.797,individual_cache,-2468.0,-4060.0,-5750.0
USY5S5CGAP79,LGENSO,BBB,비금융,-974.9628576,3.797,individual_cache,-3702.0,-6090.0,-8626.0
USY5S5CGAP79,LGENSO,BBB,비금융,-1624.9380960000003,3.797,individual_cache,-6170.0,-10149.0,-14376.0
USY5S5CGAP79,LGENSO,BBB,비금융,-2112.4195248,3.797,individual_cache,-8021.0,-13194.0,-18689.0
USY5S5CGAS19,LGENSO,BBB,비금융,-366.50746943999997,2.215,individual_cache,-812.0,-1335.0,-1892.0
USY5S5CGAS19,LGENSO,BBB,비금융,-366.50746943999997,2.215,individual_cache,-812.0,-1335.0,-1892.0
USY5S80VAB27,LGELEC,BBB,비금융,-1272.365435,2.222,individual_cache,-2827.0,-4651.0,-6587.0
USY70750CB13,PKX,BBB+,비금융,-3230.018544,3.633,individual_cache,-11735.0,-19304.0,-27342.0
XS2739009855,DAESEC,BBB,금융,-2051.6279686200005,2.543,individual_cache,-5217.0,-8582.0,-12156.0
XS2798085416,HYNCRD,BBB+,금융,-50.693604023999995,11.001,individual_cache,-558.0,-917.0,-1299.0
XS3109629371,NHSECS,A,금융,-68.009374214,2.347,individual_cache,-160.0,-263.0,-372.0
XS3109629371,NHSECS,A,금융,-476.065619498,2.347,individual_cache,-1117.0,-1838.0,-2603.0
XS3109629371,NHSECS,A,금융,-1020.1406132099999,2.347,individual_cache,-2394.0,-3939.0,-5579.0
XS3109629371,NHSECS,A,금융,-680.0937421399999,2.347,individual_cache,-1596.0,-2626.0,-3719.0
XS3109629371,NHSECS,A,금융,-1020.1406132099999,2.347,individual_cache,-2394.0,-3939.0,-5579.0
XS3109629371,NHSECS,A,금융,-1020.1406132099999,2.347,individual_cache,-2394.0,-3939.0,-5579.0
XS3109629371,NHSECS,A,금융,-1700.23435535,2.347,individual_cache,-3990.0,-6564.0,-9298.0
XS3187679041,HANMIL,A-,금융,-71.75554824,1.693,individual_cache,-121.0,-200.0,-283.0
XS3187679041,HANMIL,A-,금융,-1793.888706,1.693,individual_cache,-3037.0,-4996.0,-7076.0
XS3219365635,KOEWPW,AA-,비금융,-1720.211667636,1.447,individual_cache,-2489.0,-4095.0,-5800.0
XS3219365635,KOEWPW,AA-,비금융,-1556.3819850039997,1.447,individual_cache,-2252.0,-3705.0,-5247.0
XS3219365635,KOEWPW,AA-,비금융,-2047.8710329,1.447,individual_cache,-2963.0,-4875.0,-6904.0
XS3219365635,KOEWPW,AA-,비금융,-1023.93551645,1.447,individual_cache,-1482.0,-2437.0,-3452.0
XS3219365635,KOEWPW,AA-,비금융,-409.57420657999995,1.447,individual_cache,-593.0,-975.0,-1381.0
XS3219365635,KOEWPW,AA-,비금융,-409.57420657999995,1.447,individual_cache,-593.0,-975.0,-1381.0
XS3299373996,DAESEC,BBB,금융,-1180.2393505500002,2.061,individual_cache,-2432.0,-4001.0,-5668.0
XS3299373996,DAESEC,BBB,금융,-2360.4787011000003,2.061,individual_cache,-4865.0,-8003.0,-11335.0
XS3299373996,DAESEC,BBB,금융,-2242.454766045,2.061,individual_cache,-4622.0,-7603.0,-10769.0
XS3299373996,DAESEC,BBB,금융,-236.04787011,2.061,individual_cache,-486.0,-800.0,-1134.0
XS3299373996,DAESEC,BBB,금융,-967.7962674510001,2.061,individual_cache,-1995.0,-3281.0,-4647.0
XS3299373996,DAESEC,BBB,금융,-731.7483973410001,2.061,individual_cache,-1508.0,-2481.0,-3514.0
XS3299373996,DAESEC,BBB,금융,-708.1436103299999,2.061,individual_cache,-1459.0,-2401.0,-3401.0
XS3299373996,DAESEC,BBB,금융,-1180.2393505500002,2.061,individual_cache,-2432.0,-4001.0,-5668.0
XS3299373996,DAESEC,BBB,금융,-472.09574022,2.061,individual_cache,-973.0,-1601.0,-2267.0
XS3299373996,DAESEC,BBB,금융,-236.04787011,2.061,individual_cache,-486.0,-800.0,-1134.0
XS3299373996,DAESEC,BBB,금융,-944.19148044,2.061,individual_cache,-1946.0,-3201.0,-4534.0
XS3299373996,DAESEC,BBB,금융,-401.28137918699997,2.061,individual_cache,-827.0,-1360.0,-1927.0
US05964HBG92,SANTAN,A,비금융,-4308.461096,2.696,individual_cache,-11616.0,-19108.0,-27064.0
US05964HBG92,SANTAN,A,비금융,-1292.5383288,2.696,individual_cache,-3485.0,-5732.0,-8119.0
US06051GMW68,BAC,A,금융,-3422.5423452,1.757,individual_cache,-6013.0,-9892.0,-14011.0
US22536PAB76,ACAFP,A-,금융,-241.73210600000002,2.403,individual_cache,-581.0,-956.0,-1353.0
US38141GD355,GS,A-,금융,-3937.0978099999998,2.27,individual_cache,-8937.0,-14702.0,-20824.0
US38145GAR11,GS,A-,금융,-3843.6530521000004,2.208,individual_cache,-8487.0,-13961.0,-19774.0
US44891CDF77,HYNMTR,A-,비금융,-112.98705584999999,2.023,individual_cache,-229.0,-376.0,-533.0
US44891CDG50,HYNMTR,A-,비금융,-567.1800794400001,2.156,individual_cache,-1223.0,-2012.0,-2849.0
US60687YDF34,MIZUHO,A,금융,-1344.07890435,1.9,individual_cache,-2554.0,-4201.0,-5950.0
US61748UAS15,MS,A-,금융,-3831.6844272,2.154,individual_cache,-8253.0,-13577.0,-19231.0
US61748UAS15,MS,A-,금융,-3831.6844272,2.154,individual_cache,-8253.0,-13577.0,-19231.0
US91282CNT44,T,AA+,비금융,-10695.277635900002,0.24,individual_cache,-2567.0,-4222.0,-5981.0
US91282CNT44,T,AA+,비금융,-10695.277635900002,0.24,individual_cache,-2567.0,-4222.0,-5981.0
US91282CNT44,T,AA+,비금융,-4278.11105436,0.24,individual_cache,-1027.0,-1689.0,-2392.0
US91282CNT44,T,AA+,비금융,-16399.42570838,0.24,individual_cache,-3936.0,-6474.0,-9171.0
US91282CNW72,T,AA+,비금융,-10308.318234999999,0.707,individual_cache,-7288.0,-11989.0,-16981.0
US91282CNZ04,T,AA+,비금융,-8363.697699839999,0.701,individual_cache,-5863.0,-9645.0,-13661.0
US91282CPM72,T,AA+,비금융,-13392.7416045,0.686,individual_cache,-9187.0,-15113.0,-21407.0
US91282CPM72,T,AA+,비금융,-13392.7416045,0.686,individual_cache,-9187.0,-15113.0,-21407.0
US91282CPM72,T,AA+,비금융,-13392.7416045,0.686,individual_cache,-9187.0,-15113.0,-21407.0
US91282CPM72,T,AA+,비금융,-13392.7416045,0.686,individual_cache,-9187.0,-15113.0,-21407.0
US91282CPZ85,T,AA+,비금융,-7385.5689804,0.248,individual_cache,-1832.0,-3013.0,-4268.0
US91282CQQ77,T,AA+,비금융,-7698.1836023,0.323,individual_cache,-2487.0,-4090.0,-5794.0
USJ5901UAH52,NORBK,BBB+,금융,-3437.7935297999998,1.466,individual_cache,-5040.0,-8290.0,-11743.0
USY70750CC95,PKX,BBB+,비금융,-2042.6708482200002,1.555,individual_cache,-3176.0,-5225.0,-7401.0
USY70750CC95,PKX,BBB+,비금융,-1361.78056548,1.555,individual_cache,-2118.0,-3483.0,-4934.0
USY70750CC95,PKX,BBB+,비금융,-3404.4514137,1.555,individual_cache,-5294.0,-8709.0,-12335.0
USY7S272AM43,POHANG,BBB+,비금융,-3425.2488704,1.512,individual_cache,-5179.0,-8519.0,-12067.0
USY7S272AM43,POHANG,BBB+,비금융,-2055.14932224,1.512,individual_cache,-3107.0,-5112.0,-7240.0
XS2651633609,DAESEC,BBB,금융,-1.453643664,2.618,individual_cache,-4.0,-6.0,-9.0
XS2703610050,DFHOLD,BBB,금융,-255.33450096,2.618,individual_cache,-668.0,-1100.0,-1558.0
XS2052998403,ANZNZ,A+,금융,-838.1284485599999,7.232,individual_cache,-6061.0,-9971.0,-14123.0
XS2082472122,JAPTOB,A,비금융,-293.95974246000003,5.142,individual_cache,-1512.0,-2486.0,-3522.0
XS2167007918,WFC,A,금융,-1257.70468655,5.152,individual_cache,-6480.0,-10659.0,-15098.0
XS3127996778,WFC,A,금융,-93.01517743999999,4.222,individual_cache,-393.0,-646.0,-915.0
XS3127996778,WFC,A,금융,-93.01517743999999,4.222,individual_cache,-393.0,-646.0,-915.0
US06738ECY95,BACR,BBB+,금융,-4816.7435322,3.34,individual_cache,-16088.0,-26465.0,-37485.0
US38141GB607,GS,A-,금융,-147.04947862999998,2.576,individual_cache,-379.0,-623.0,-883.0
US500631AH98,KORELE,AA-,비금융,-426.57484912,2.714,individual_cache,-1158.0,-1904.0,-2697.0
US500631AH98,KORELE,AA-,비금융,-373.25299298,2.714,individual_cache,-1013.0,-1666.0,-2360.0
US912810UC08,T,AA+,비금융,-1306.7967141599997,0.193,individual_cache,-252.0,-415.0,-588.0
US912810UC08,T,AA+,비금융,-1306.7967141599997,0.193,individual_cache,-252.0,-415.0,-588.0
US912810UC08,T,AA+,비금융,-1306.7967141599997,0.193,individual_cache,-252.0,-415.0,-588.0
US91282CNT44,T,AA+,비금융,-10695.277635900002,0.24,individual_cache,-2567.0,-4222.0,-5981.0
US91282CNT44,T,AA+,비금융,-7130.185090600001,0.24,individual_cache,-1711.0,-2815.0,-3987.0
US91282CNT44,T,AA+,비금융,-7130.185090600001,0.24,individual_cache,-1711.0,-2815.0,-3987.0
US91282CPZ85,T,AA+,비금융,-7385.5689804,0.248,individual_cache,-1832.0,-3013.0,-4268.0
US91282CPZ85,T,AA+,비금융,-7385.5689804,0.248,individual_cache,-1832.0,-3013.0,-4268.0
US91282CPZ85,T,AA+,비금융,-7385.5689804,0.248,individual_cache,-1832.0,-3013.0,-4268.0
US91282CQQ77,T,AA+,비금융,-7698.1836023,0.323,individual_cache,-2487.0,-4090.0,-5794.0
USJ5S39RAV63,NTT,A,비금융,-3398.569414,1.438,individual_cache,-4887.0,-8039.0,-11387.0
USY5S5CGAR36,LGENSO,BBB+,비금융,-1970.7631069500003,2.694,individual_cache,-5309.0,-8734.0,-12371.0
USY5S5CGAR36,LGENSO,BBB+,비금융,-1313.8420713,2.694,individual_cache,-3539.0,-5822.0,-8247.0
XS2565831943,TD,A+,금융,-1564.3388365,5.315,individual_cache,-8314.0,-13677.0,-19373.0
XS2982332400,BMW,A,비금융,-546.82852672,5.09,individual_cache,-2783.0,-4579.0,-6485.0
XS3268973453,HYUCAP,BBB+,금융,-689.4622675200001,6.182,individual_cache,-4262.0,-7011.0,-9931.0
US46647PFG63,JPM,A,금융,-1930.259552,2.316,individual_cache,-4470.0,-7354.0,-10416.0
US95000U4D22,WFC,A,금융,-2286.0415915999997,2.85,individual_cache,-6515.0,-10718.0,-15180.0
USY7S272AK86,POHANG,BBB+,비금융,-10.17430359,4.721,individual_cache,-48.0,-79.0,-112.0
HK0001277489,NHNCOR,A,금융,-1223.58169458,4.144,individual_cache,-5071.0,-8341.0,-11814.0
US302154DG11,EIBKOR,AA-,비금융,-3716.0847628999995,2.24,individual_cache,-8324.0,-13693.0,-19395.0
US302154DY27,EIBKOR,AA,비금융,-101.25961333,1.744,individual_cache,-177.0,-291.0,-411.0
US302154DZ91,EIBKOR,AA,비금융,-297.23514744,2.641,individual_cache,-785.0,-1291.0,-1829.0
US302154ED70,EIBKOR,AA-,비금융,-21.994405212,2.101,individual_cache,-46.0,-76.0,-108.0
US302154EE53,EIBKOR,AA-,비금융,-226.400699488,2.356,individual_cache,-533.0,-877.0,-1243.0
US302154EM79,EIBKOR,AA-,비금융,-4174.58122128,3.441,individual_cache,-14365.0,-23630.0,-33470.0
US302154EQ83,EIBKOR,AA-,비금융,-831.853642634,2.211,individual_cache,-1839.0,-3026.0,-4285.0
US302154ER66,EIBKOR,AA-,비금융,-1917.8683629,2.799,individual_cache,-5368.0,-8831.0,-12508.0
US302154ES40,EIBKOR,AA-,비금융,-3531.2004304999996,3.747,individual_cache,-13231.0,-21766.0,-30829.0
US302154ES40,EIBKOR,AA-,비금융,-3531.2004304999996,3.747,individual_cache,-13231.0,-21766.0,-30829.0
US45604HAQ02,INDKOR,AA-,금융,-57.47804432,2.456,individual_cache,-141.0,-232.0,-329.0
US45604HAS67,INDKOR,A,금융,-2113.52241168,2.291,individual_cache,-4842.0,-7965.0,-11282.0
US45604HAS67,INDKOR,A,금융,-1409.0149411199998,2.291,individual_cache,-3228.0,-5310.0,-7521.0
US500630EG96,KDB,AA-,금융,-72.42489935999998,1.872,individual_cache,-136.0,-223.0,-316.0
US500630EH79,KDB,AA-,금융,-158.04214836,2.29,individual_cache,-362.0,-595.0,-843.0
US500630EK09,KDB,AA-,금융,-4844.220895872001,3.987,individual_cache,-19314.0,-31771.0,-45001.0
US500630EM64,KDB,AA-,금융,-846.62860281,2.091,individual_cache,-1770.0,-2912.0,-4125.0
US500630ER51,KDB,AA-,금융,-194.16274761999998,1.752,individual_cache,-340.0,-560.0,-793.0
US50066CAV19,KORGAS,AA-,비금융,-55.244984476,2.209,individual_cache,-122.0,-201.0,-284.0
US65540KAG04,NACF,A+,비금융,-14.473351269,4.67,individual_cache,-68.0,-111.0,-157.0
US65540KAK16,NACF,A+,비금융,-371.31254412000004,4.59,individual_cache,-1704.0,-2804.0,-3971.0
US98105GAP72,WOORIB,A+,금융,-114.06076515999999,2.313,individual_cache,-264.0,-434.0,-615.0
USY2350DER36,CITNAT,A,금융,-3811.1458348600004,31.51,individual_cache,-120089.0,-197547.0,-279808.0
USY2387CVK89,EIBKOR,AA-,비금융,-1306.0839734399997,2.109,individual_cache,-2755.0,-4531.0,-6418.0
USY3815NBK64,HYUCAP,A-,금융,-281.41822926000003,1.941,individual_cache,-546.0,-899.0,-1273.0
USY4841M6A22,KHFC,AA-,금융,-53.106644429999996,1.814,individual_cache,-96.0,-158.0,-224.0
USY4841PAD43,KHFC,AA-,금융,-312.78212624,1.746,individual_cache,-546.0,-898.0,-1272.0
USY4841PAD43,KHFC,AA-,금융,-938.3463787200001,1.746,individual_cache,-1638.0,-2695.0,-3817.0
USY4841PAD43,KHFC,AA-,금융,-312.78212624,1.746,individual_cache,-546.0,-898.0,-1272.0
USY4841PAG73,KHFC,AA-,금융,-1263.7622418400001,5.227,individual_cache,-6606.0,-10866.0,-15391.0
USY4841PAK85,KHFC,AA-,금융,-2291.829804,2.07,individual_cache,-4744.0,-7804.0,-11054.0
USY4872AMX28,HIGHWY,AA,비금융,-81.05350517999999,5.809,individual_cache,-471.0,-775.0,-1097.0
USY4872ATJ60,HIGHWY,AA-,비금융,-2067.22152,1.888,individual_cache,-3903.0,-6420.0,-9094.0
USY48861DE86,KORGAS,AA-,비금융,-8367.21405117,2.946,individual_cache,-24650.0,-40549.0,-57434.0
USY4899GHF38,KOHNPW,AA-,비금융,-2553.93279984,3.527,individual_cache,-9008.0,-14818.0,-20988.0
USY4907LAG78,KORELE,AA-,비금융,-38.20014324,2.714,individual_cache,-104.0,-171.0,-242.0
USY4907LAR34,KORELE,AA-,비금융,-75.34942806599999,2.448,individual_cache,-184.0,-303.0,-430.0
USY4938AAM19,KOROIL,AA-,비금융,-22.954146768,2.029,individual_cache,-47.0,-77.0,-109.0
USY4938AAT61,KOROIL,AA,비금융,-101.0015275,1.676,individual_cache,-169.0,-278.0,-394.0
USY4938AAV18,KOROIL,AA,비금융,-72.71572817600001,2.305,individual_cache,-168.0,-276.0,-391.0
USY4938AAV18,KOROIL,AA,비금융,-727.15728176,2.305,individual_cache,-1676.0,-2757.0,-3905.0
USY4938AAW90,KOROIL,AA-,비금융,-122.77107604999999,3.81,individual_cache,-468.0,-769.0,-1090.0
USY4938AAY56,KOROIL,AA-,비금융,-81.05409344999998,2.976,individual_cache,-241.0,-397.0,-562.0
USY49915BC76,KOREAT,AA-,비금융,-71.71428823000001,2.004,individual_cache,-144.0,-236.0,-335.0
USY6396XAF60,NACF,A+,비금융,-43.043773760055146,4.67,individual_cache,-201.0,-331.0,-468.0
USY6396XAF60,NACF,A+,비금융,-172.17509504022058,4.67,individual_cache,-804.0,-1323.0,-1873.0
USY6396XAG44,NACF,A+,비금융,-53.78538887199999,2.214,individual_cache,-119.0,-196.0,-277.0
USY6396XAG44,NACF,A+,비금융,-215.14155548799997,2.214,individual_cache,-476.0,-784.0,-1110.0
USY6396XAK55,NACF,A,비금융,-174.078660525,2.166,individual_cache,-377.0,-620.0,-879.0
USY6396XAK55,NACF,A,비금융,-1740.78660525,2.166,individual_cache,-3771.0,-6203.0,-8785.0
USY7770HAE81,SHNHAN,AA-,금융,-81.542049296,2.738,individual_cache,-223.0,-367.0,-520.0
USY7T4K3AC40,SHINFN,A,금융,-2780.8079544,1.961,individual_cache,-5453.0,-8970.0,-12706.0
USY9700WAD84,WOORIB,A,금융,-77.29844122,3.147,individual_cache,-243.0,-400.0,-567.0
XS1211568735,EIBKOR,AA-,비금융,-676.528566,2.714,individual_cache,-1836.0,-3020.0,-4278.0
XS1456425666,EIBKOR,AA-,비금융,-198.6090093,2.714,individual_cache,-539.0,-887.0,-1256.0
XS2367816076,KOMIPW,AA,비금융,-29.702525335,5.809,individual_cache,-173.0,-284.0,-402.0
XS2393758987,HYUSEC,A-,금융,-60.48691572,2.403,individual_cache,-145.0,-239.0,-339.0
XS2457676257,KOMRMR,A,비금융,-613.06301678,5.907,individual_cache,-3621.0,-5957.0,-8438.0
XS2600704956,KOMRMR,A,비금융,-363.76421432623994,2.333,individual_cache,-849.0,-1396.0,-1977.0
XS2629403499,HATELE,A-,비금융,-623.7363469840001,2.58,individual_cache,-1609.0,-2647.0,-3750.0
XS2629403499,HATELE,A-,비금융,-1834.5186676,2.58,individual_cache,-4733.0,-7786.0,-11028.0
XS2682195016,KOSOPW,AA-,비금융,-69.07992336000001,2.714,individual_cache,-187.0,-308.0,-437.0
XS2790212828,KOMRMR,A,비금융,-1888.7497551104002,2.161,individual_cache,-4082.0,-6714.0,-9510.0
XS2803406698,KOBCOP,AA,비금융,-311.3165466,5.809,individual_cache,-1808.0,-2975.0,-4214.0
XS2803406698,KOBCOP,AA,비금융,-77.82913665,5.809,individual_cache,-452.0,-744.0,-1053.0
XS2803407233,KOBCOP,AA-,비금융,-821.544041088,1.98,individual_cache,-1627.0,-2676.0,-3790.0
XS2803407233,KOBCOP,AA-,비금융,-513.46502568,1.98,individual_cache,-1017.0,-1672.0,-2369.0
XS2917896685,KOLAHO,AA,비금융,-24.13562688,1.938,individual_cache,-47.0,-77.0,-109.0
XS3037640037,KORWAT,AA-,비금융,-82.54281536,2.714,individual_cache,-224.0,-369.0,-522.0
XS3037681908,KTGC,NR,비금융,-337.14482735999997,24.005,individual_cache,-8093.0,-13313.0,-18857.0
XS3037681908,KTGC,NR,비금융,-606.8606892480001,24.005,individual_cache,-14568.0,-23964.0,-33943.0
XS3053429638,KOLAHO,AA,비금융,-253.19851536,5.809,individual_cache,-1471.0,-2420.0,-3427.0
XS3056053799,KOBCOP,AA-,비금융,-67.733887718,1.757,individual_cache,-119.0,-196.0,-277.0
XS3056053799,KOBCOP,AA-,비금융,-3048.02494731,1.757,individual_cache,-5355.0,-8810.0,-12478.0
XS3177263418,KOREAN,AA,비금융,-945.008552124,1.566,individual_cache,-1480.0,-2434.0,-3448.0
XS3177263418,KOREAN,AA,비금융,-1126.740965994,1.566,individual_cache,-1764.0,-2903.0,-4111.0
XS3219365635,KOEWPW,AA-,비금융,-1934.4189776773399,1.447,individual_cache,-2799.0,-4605.0,-6522.0
XS3322576417,KOMRMR,AA-,비금융,-245.146386288,5.661,individual_cache,-1388.0,-2283.0,-3234.0
XS3340625626,KORAIR,A,비금융,-100.465156044,2.613,individual_cache,-263.0,-432.0,-612.0
XS3340625626,KORAIR,A,비금융,-336.5582727474,2.613,individual_cache,-879.0,-1447.0,-2049.0
XS3423950230,NHSECS,A-,금융,-850.2404124799999,2.167,individual_cache,-1842.0,-3031.0,-4293.0
XS3423950313,NHSECS,A-,금융,-805.6272019200002,2.579,individual_cache,-2078.0,-3418.0,-4841.0
JP541005AQB3,EIBKOR,AA-,비금융,-404037.36251999997,4.719,individual_cache,-1906652.0,-3136443.0,-4442500.0
JP541005AQB3,EIBKOR,AA-,비금융,-94275.38458800002,4.719,individual_cache,-444886.0,-731837.0,-1036583.0
JP541034ARB1,SHNHAN,AA-,금융,-13106.57328,3.82,individual_cache,-50067.0,-82360.0,-116656.0
XS2867997368,EIBKOR,AA-,비금융,-22991.536,2.714,individual_cache,-62399.0,-102646.0,-145390.0
HK0001319182,,,비금융,-470.01349394,4.906,individual_cache,-2306.0,-3793.0,-5373.0
USY49915BF08,,,비금융,-62.900144100000006,4.906,individual_cache,-309.0,-508.0,-719.0
JP541037AS71,,,비금융,-284548.2075,4.906,individual_cache,-1395994.0,-2296409.0,-3252665.0
0,,,비금융,,4.906,individual_cache,,,
0,,,비금융,,4.906,individual_cache,,,
0,,,비금융,,4.906,individual_cache,,,
0,,,비금융,,4.906,individual_cache,,,
0,,,비금융,,4.906,individual_cache,,,
0,,,비금융,,4.906,individual_cache,,,
0,,,비금융,,4.906,individual_cache,,,
0,,,비금융,,4.906,individual_cache,,,
0,,,비금융,,4.906,individual_cache,,,
0,,,비금융,,4.906,individual_cache,,,
0,,,비금융,,4.906,individual_cache,,,
0,,,비금융,,4.906,individual_cache,,,
0,,,비금융,,4.906,individual_cache,,,
0,,,비금융,,4.906,individual_cache,,,
0,,,비금융,,4.906,individual_cache,,,
0,,,비금융,,4.906,individual_cache,,,
0,,,비금융,,4.906,individual_cache,,,
0,,,비금융,,4.906,individual_cache,,,
0,,,비금융,,4.906,individual_cache,,,
0,,,비금융,,4.906,individual_cache,,,
0,,,비금융,,4.906,individual_cache,,,
0,,,비금융,,4.906,individual_cache,,,
0,,,비금융,,4.906,individual_cache,,,
0,,,비금융,,4.906,individual_cache,,,
0,,,비금융,,4.906,individual_cache,,,
0,,,비금융,,4.906,individual_cache,,,
0,,,비금융,,4.906,individual_cache,,,
0,,,비금융,,4.906,individual_cache,,,
0,,,비금융,,4.906,individual_cache,,,
0,,,비금융,,4.906,individual_cache,,,
0,,,비금융,,4.906,individual_cache,,,
0,,,비금융,,4.906,individual_cache,,,
0,,,비금융,,4.906,individual_cache,,,
0,,,비금융,,4.906,individual_cache,,,
0,,,비금융,,4.906,individual_cache,,,
0,,,비금융,,4.906,individual_cache,,,
0,,,비금융,,4.906,individual_cache,,,
0,,,비금융,,4.906,individual_cache,,,
0,,,비금융,,4.906,individual_cache,,,
0,,,비금융,,4.906,individual_cache,,,
0,,,비금융,,4.906,individual_cache,,,
0,,,비금융,,4.906,individual_cache,,,
0,,,비금융,,4.906,individual_cache,,,
0,,,비금융,,4.906,individual_cache,,,
0,,,비금융,,4.906,individual_cache,,,
0,,,비금융,,4.906,individual_cache,,,
0,,,비금융,,4.906,individual_cache,,,
0,,,비금융,,4.906,individual_cache,,,
0,,,비금융,,4.906,individual_cache,,,
0,,,비금융,,4.906,individual_cache,,,
0,,,비금융,,4.906,individual_cache,,,
0,,,비금융,,4.906,individual_cache,,,
0,,,비금융,,4.906,individual_cache,,,
0,,,비금융,,4.906,individual_cache,,,
0,,,비금융,,4.906,individual_cache,,,
0,,,비금융,,4.906,individual_cache,,,
0,,,비금융,,4.906,individual_cache,,,
0,,,비금융,,4.906,individual_cache,,,
0,,,비금융,,4.906,individual_cache,,,
0,,,비금융,,4.906,individual_cache,,,
0,,,비금융,,4.906,individual_cache,,,
0,,,비금융,,4.906,individual_cache,,,
0,,,비금융,,4.906,individual_cache,,,
0,,,비금융,,4.906,individual_cache,,,
0,,,비금융,,4.906,individual_cache,,,
0,,,비금융,,4.906,individual_cache,,,
0,,,비금융,,4.906,individual_cache,,,
0,,,비금융,,4.906,individual_cache,,,
0,,,비금융,,4.906,individual_cache,,,
0,,,비금융,,4.906,individual_cache,,,
0,,,비금융,,4.906,individual_cache,,,
0,,,비금융,,4.906,individual_cache,,,
0,,,비금융,,4.906,individual_cache,,,
0,,,비금융,,4.906,individual_cache,,,
0,,,비금융,,4.906,individual_cache,,,
0,,,비금융,,4.906,individual_cache,,,
0,,,비금융,,4.906,individual_cache,,,
0,,,비금융,,4.906,individual_cache,,,
0,,,비금융,,4.906,individual_cache,,,
0,,,비금융,,4.906,individual_cache,,,
0,,,비금융,,4.906,individual_cache,,,
0,,,비금융,,4.906,individual_cache,,,
0,,,비금융,,4.906,individual_cache,,,
0,,,비금융,,4.906,individual_cache,,,
0,,,비금융,,4.906,individual_cache,,,
0,,,비금융,,4.906,individual_cache,,,
0,,,비금융,,4.906,individual_cache,,,
0,,,비금융,,4.906,individual_cache,,,
0,,,비금융,,4.906,individual_cache,,,
0,,,비금융,,4.906,individual_cache,,,
0,,,비금융,,4.906,individual_cache,,,
0,,,비금융,,4.906,individual_cache,,,
0,,,비금융,,4.906,individual_cache,,,
0,,,비금융,,4.906,individual_cache,,,
0,,,비금융,,4.906,individual_cache,,,
0,,,비금융,,4.906,individual_cache,,,
0,,,비금융,,4.906,individual_cache,,,
0,,,비금융,,4.906,individual_cache,,,
0,,,비금융,,4.906,individual_cache,,,
0,,,비금융,,4.906,individual_cache,,,
0,,,비금융,,4.906,individual_cache,,,
0,,,비금융,,4.906,individual_cache,,,
0,,,비금융,,4.906,individual_cache,,,
0,,,비금융,,4.906,individual_cache,,,
0,,,비금융,,4.906,individual_cache,,,
0,,,비금융,,4.906,individual_cache,,,
0,,,비금융,,4.906,individual_cache,,,
0,,,비금융,,4.906,individual_cache,,,
0,,,비금융,,4.906,individual_cache,,,
0,,,비금융,,4.906,individual_cache,,,
0,,,비금융,,4.906,individual_cache,,,
0,,,비금융,,4.906,individual_cache,,,
0,,,비금융,,4.906,individual_cache,,,
0,,,비금융,,4.906,individual_cache,,,
0,,,비금융,,4.906,individual_cache,,,
0,,,비금융,,4.906,individual_cache,,,
0,,,비금융,,4.906,individual_cache,,,
0,,,비금융,,4.906,individual_cache,,,
0,,,비금융,,4.906,individual_cache,,,
0,,,비금융,,4.906,individual_cache,,,
0,,,비금융,,4.906,individual_cache,,,
0,,,비금융,,4.906,individual_cache,,,
0,,,비금융,,4.906,individual_cache,,,
0,,,비금융,,4.906,individual_cache,,,
0,,,비금융,,4.906,individual_cache,,,
0,,,비금융,,4.906,individual_cache,,,
0,,,비금융,,4.906,individual_cache,,,
0,,,비금융,,4.906,individual_cache,,,
0,,,비금융,,4.906,individual_cache,,,
0,,,비금융,,4.906,individual_cache,,,
0,,,비금융,,4.906,individual_cache,,,
0,,,비금융,,4.906,individual_cache,,,
0,,,비금융,,4.906,individual_cache,,,
0,,,비금융,,4.906,individual_cache,,,
0,,,비금융,,4.906,individual_cache,,,
0,,,비금융,,4.906,individual_cache,,,
0,,,비금융,,4.906,individual_cache,,,
0,,,비금융,,4.906,individual_cache,,,
0,,,비금융,,4.906,individual_cache,,,
0,,,비금융,,4.906,individual_cache,,,
0,,,비금융,,4.906,individual_cache,,,
